{"cameraMode":{"drawMode":0,"name":"Shaded","section":"Shading Mode"},"sceneLighting":false,"audioPlay":false,"sceneViewState":{"showFog":true,"showMaterialUpdate":true,"showSkybox":false,"showFlares":true,"showImageEffects":true,"showParticleSystems":true},"in2DMode":false,"pivot":{"x":0.0,"y":0.999992847442627,"z":0.8800000548362732},"rotation":{"x":0.2742515802383423,"y":0.004625948145985603,"z":-0.0013196624349802733,"w":0.9616619944572449},"size":1.649976372718811,"orthographic":false}