{"cameraMode":{"drawMode":0,"name":"Shaded","section":"Shading Mode"},"sceneLighting":false,"audioPlay":false,"sceneViewState":{"showFog":true,"showMaterialUpdate":true,"showSkybox":false,"showFlares":true,"showImageEffects":true,"showParticleSystems":true},"in2DMode":false,"pivot":{"x":-2.468709707260132,"y":27.299999237060548,"z":7.300000190734863},"rotation":{"x":0.0692555382847786,"y":0.0003100074827671051,"z":-0.0000166573026945116,"w":0.9976108074188232},"size":10.0,"orthographic":false}