{"cameraMode":{"drawMode":0,"name":"Shaded","section":"Shading Mode"},"sceneLighting":false,"audioPlay":false,"sceneViewState":{"showFog":true,"showMaterialUpdate":true,"showSkybox":false,"showFlares":true,"showImageEffects":true,"showParticleSystems":true},"in2DMode":false,"pivot":{"x":37.219913482666019,"y":1.823706865310669,"z":32.837032318115237},"rotation":{"x":0.002840581815689802,"y":-0.9881032705307007,"z":0.15268397331237794,"w":0.018387500196695329},"size":2.490475654602051,"orthographic":false}