{"cameraMode":{"drawMode":0,"name":"Shaded","section":"Shading Mode"},"sceneLighting":false,"audioPlay":false,"sceneViewState":{"showFog":true,"showMaterialUpdate":true,"showSkybox":false,"showFlares":true,"showImageEffects":true,"showParticleSystems":true},"in2DMode":false,"pivot":{"x":43.395538330078128,"y":38.30500030517578,"z":-29.799842834472658},"rotation":{"x":0.15994414687156678,"y":0.046190351247787479,"z":-0.007490995805710554,"w":0.9860259294509888},"size":10.0,"orthographic":false}