{"cameraMode":{"drawMode":0,"name":"Shaded","section":"Shading Mode"},"sceneLighting":false,"audioPlay":false,"sceneViewState":{"showFog":true,"showMaterialUpdate":true,"showSkybox":false,"showFlares":true,"showImageEffects":true,"showParticleSystems":true},"in2DMode":false,"pivot":{"x":-1.5999999046325684,"y":-0.1099998950958252,"z":14.899999618530274},"rotation":{"x":-0.10729247331619263,"y":-0.25731712579727175,"z":0.02876005694270134,"w":-0.9599239826202393},"size":3.674234628677368,"orthographic":false}