{"cameraMode":{"drawMode":0,"name":"Shaded","section":"Shading Mode"},"sceneLighting":false,"audioPlay":false,"sceneViewState":{"showFog":true,"showMaterialUpdate":true,"showSkybox":false,"showFlares":true,"showImageEffects":true,"showParticleSystems":true},"in2DMode":false,"pivot":{"x":-28.81536293029785,"y":-222.8167724609375,"z":-131.934814453125},"rotation":{"x":-0.2756742537021637,"y":-0.01096086110919714,"z":0.0031436216086149217,"w":-0.9611839056015015},"size":707.1068115234375,"orthographic":false}