{"cameraMode":{"drawMode":0,"name":"Shaded","section":"Shading Mode"},"sceneLighting":false,"audioPlay":false,"sceneViewState":{"showFog":true,"showMaterialUpdate":true,"showSkybox":false,"showFlares":true,"showImageEffects":true,"showParticleSystems":true},"in2DMode":false,"pivot":{"x":9.533586502075196,"y":-1.401458740234375,"z":6.281237602233887},"rotation":{"x":-0.10729247331619263,"y":-0.25731712579727175,"z":0.02876005694270134,"w":-0.9599239826202393},"size":1.299038052558899,"orthographic":false}