{"cameraMode":{"drawMode":0,"name":"Shaded","section":"Shading Mode"},"sceneLighting":false,"audioPlay":false,"sceneViewState":{"showFog":true,"showMaterialUpdate":true,"showSkybox":false,"showFlares":true,"showImageEffects":true,"showParticleSystems":true},"in2DMode":false,"pivot":{"x":-7.571606636047363,"y":-229.13026428222657,"z":111.03697204589844},"rotation":{"x":-0.5686022639274597,"y":-0.0032106752041727306,"z":0.002218743786215782,"w":-0.8226054310798645},"size":136.923583984375,"orthographic":false}