{"cameraMode":{"drawMode":0,"name":"Shaded","section":"Shading Mode"},"sceneLighting":false,"audioPlay":false,"sceneViewState":{"showFog":true,"showMaterialUpdate":true,"showSkybox":false,"showFlares":true,"showImageEffects":true,"showParticleSystems":true},"in2DMode":false,"pivot":{"x":1.0099999904632569,"y":-0.3400000333786011,"z":19.100000381469728},"rotation":{"x":-0.10729247331619263,"y":-0.25731712579727175,"z":0.02876005694270134,"w":-0.9599239826202393},"size":2.598076105117798,"orthographic":false}