{"cameraMode":{"drawMode":0,"name":"Shaded","section":"Shading Mode"},"sceneLighting":false,"audioPlay":false,"sceneViewState":{"showFog":true,"showMaterialUpdate":true,"showSkybox":false,"showFlares":true,"showImageEffects":true,"showParticleSystems":true},"in2DMode":false,"pivot":{"x":43.27376937866211,"y":32.2447509765625,"z":73.09214782714844},"rotation":{"x":-0.22470426559448243,"y":-0.037410277873277667,"z":0.00863353256136179,"w":-0.9736707806587219},"size":30.888721466064454,"orthographic":false}