{"cameraMode":{"drawMode":0,"name":"Shaded","section":"Shading Mode"},"sceneLighting":false,"audioPlay":false,"sceneViewState":{"showFog":true,"showMaterialUpdate":true,"showSkybox":false,"showFlares":true,"showImageEffects":true,"showParticleSystems":true},"in2DMode":false,"pivot":{"x":4.644685745239258,"y":0.632780909538269,"z":2.347445487976074},"rotation":{"x":0.638360321521759,"y":0.00692715821787715,"z":-0.005745260510593653,"w":0.7696879506111145},"size":11.755361557006836,"orthographic":true}