{"cameraMode":{"drawMode":0,"name":"Shaded","section":"Shading Mode"},"sceneLighting":false,"audioPlay":false,"sceneViewState":{"showFog":true,"showMaterialUpdate":true,"showSkybox":false,"showFlares":true,"showImageEffects":true,"showParticleSystems":true},"in2DMode":false,"pivot":{"x":0.0417027473449707,"y":2.6472833156585695,"z":0.0960550308227539},"rotation":{"x":0.4739384353160858,"y":0.013481940142810345,"z":-0.007254839409142733,"w":0.8804475665092468},"size":2.403597116470337,"orthographic":false}