{"cameraMode":{"drawMode":0,"name":"Shaded","section":"Shading Mode"},"sceneLighting":false,"audioPlay":false,"sceneViewState":{"showFog":true,"showMaterialUpdate":true,"showSkybox":false,"showFlares":true,"showImageEffects":true,"showParticleSystems":true},"in2DMode":false,"pivot":{"x":0.0,"y":0.8500000238418579,"z":4.499999523162842},"rotation":{"x":0.2742515802383423,"y":0.004625948145985603,"z":-0.0013196624349802733,"w":0.9616619944572449},"size":21.60114097595215,"orthographic":false}