{"cameraMode":{"drawMode":0,"name":"Shaded","section":"Shading Mode"},"sceneLighting":false,"audioPlay":false,"sceneViewState":{"showFog":true,"showMaterialUpdate":true,"showSkybox":false,"showFlares":true,"showImageEffects":true,"showParticleSystems":true},"in2DMode":false,"pivot":{"x":-4.40000057220459,"y":-0.34377288818359377,"z":17.5},"rotation":{"x":-0.08539220690727234,"y":0.8942973017692566,"z":-0.19370919466018678,"w":-0.39423003792762759},"size":46.344825744628909,"orthographic":false}