{"cameraMode":{"drawMode":0,"name":"Shaded","section":"Shading Mode"},"sceneLighting":false,"audioPlay":false,"sceneViewState":{"showFog":true,"showMaterialUpdate":true,"showSkybox":false,"showFlares":true,"showImageEffects":true,"showParticleSystems":true},"in2DMode":false,"pivot":{"x":0.3876444101333618,"y":3.0379891395568849,"z":1.3296018838882447},"rotation":{"x":0.6106606125831604,"y":0.04033771529793739,"z":-0.03117072954773903,"w":0.7902508974075317},"size":0.44631901383399966,"orthographic":true}